1,Team,Round,Venue,Result,GF,GA,Opponent,xG,xGA,Poss,Shots,Shots on Target,Shots on Target %,Goals/Shot,Goals/Shot on Target,Distance from goal,Shots from FK,PK made,PK attempted
2,Bayern Munich,Matchweek 1,Away,W,3,2,Wolfsburg,2.4,1.9,70,15,8,53.3,0.13,0.25,11.1,0,0,0
3,Bayern Munich,Matchweek 2,Home,W,2,0,Freiburg,1.5,1,66,11,2,18.2,0.09,0.5,16,0,1,1
4,Bayern Munich,Matchweek 3,Away,W,6,1,Holstein Kiel,3.2,0.3,70,22,11,50,0.18,0.36,15.9,0,1,1
5,Bayern Munich,Matchweek 4,Away,W,5,0,Werder Bremen,3,0,69,25,7,28,0.2,0.71,17.3,1,0,0
6,Bayern Munich,Matchweek 5,Home,D,1,1,Leverkusen,1.4,0.1,69,18,3,16.7,0.06,0.33,19.3,1,0,0
7,Bayern Munich,Matchweek 6,Away,D,3,3,Eint Frankfurt,2.2,1.2,74,24,13,54.2,0.13,0.23,17.5,2,0,0
8,Bayern Munich,Matchweek 7,Home,W,4,0,Stuttgart,3.2,0.5,65,22,10,45.5,0.18,0.4,15.9,0,0,0
9,Bayern Munich,Matchweek 8,Away,W,5,0,Bochum,2.2,0.6,72,19,10,52.6,0.26,0.5,17,1,0,0
10,Bayern Munich,Matchweek 9,Home,W,3,0,Union Berlin,2.5,0.5,77,15,6,40,0.13,0.33,16.6,0,1,1
11,Bayern Munich,Matchweek 10,Away,W,1,0,St. Pauli,0.8,0.1,75,13,6,46.2,0.08,0.17,19,0,0,0
12,Bayern Munich,Matchweek 11,Home,W,3,0,Augsburg,3.7,0.1,80,31,12,38.7,0.03,0.08,18.1,1,2,2
13,Bayern Munich,Matchweek 12,Away,D,1,1,Dortmund,1.5,0.6,67,14,5,35.7,0.07,0.2,19.4,2,0,0
14,Bayern Munich,Matchweek 13,Home,W,4,2,Heidenheim,2.4,1.3,82,21,10,47.6,0.19,0.4,15.8,0,0,0
15,Bayern Munich,Matchweek 14,Away,L,1,2,Mainz 05,1.4,1,68,13,1,7.7,0.08,1,16.2,0,0,0
16,Bayern Munich,Matchweek 15,Home,W,5,1,RB Leipzig,3.3,0.4,71,22,9,40.9,0.23,0.56,14.6,1,0,0
17,Bayern Munich,Matchweek 16,Away,W,1,0,Gladbach,4.3,0.4,67,22,9,40.9,0,0,16.8,1,1,1
18,Bayern Munich,Matchweek 17,Home,W,5,0,Hoffenheim,3.4,0.2,65,24,9,37.5,0.17,0.44,15.7,0,1,1
19,Bayern Munich,Matchweek 18,Home,W,3,2,Wolfsburg,3,0.5,71,25,10,40,0.12,0.3,15.3,1,0,0
20,Bayern Munich,Matchweek 19,Away,W,2,1,Freiburg,1,0.3,65,7,3,42.9,0.29,0.67,16.8,0,0,0
21,Bayern Munich,Matchweek 20,Home,W,4,3,Holstein Kiel,3.4,1.8,71,29,11,37.9,0.14,0.36,16.9,1,0,0
22,Bayern Munich,Matchweek 21,Home,W,3,0,Werder Bremen,4.1,0.1,75,19,10,52.6,0.05,0.1,17,0,2,2
23,Bayern Munich,Matchweek 22,Away,D,0,0,Leverkusen,0,2,43,2,0,0,0,,14.7,0,0,0
24,Bayern Munich,Matchweek 23,Home,W,4,0,Eint Frankfurt,3.8,0.5,63,19,10,52.6,0.21,0.4,13.1,0,0,0
25,Bayern Munich,Matchweek 24,Away,W,3,1,Stuttgart,2.2,0.9,47,17,8,47.1,0.18,0.38,19.3,2,0,0
26,Bayern Munich,Matchweek 25,Home,L,2,3,Bochum,2.4,1.1,73,13,5,38.5,0.15,0.4,16.2,0,0,1
27,Bayern Munich,Matchweek 26,Away,D,1,1,Union Berlin,1.6,0.7,80,18,4,22.2,0.06,0.25,21.1,1,0,0
28,Bayern Munich,Matchweek 27,Home,W,3,2,St. Pauli,3.5,1,65,19,8,42.1,0.16,0.38,13.3,0,0,0
29,Bayern Munich,Matchweek 28,Away,W,3,1,Augsburg,2.4,0.4,69,19,7,36.8,0.11,0.29,16.8,2,0,0
30,Bayern Munich,Matchweek 29,Home,D,2,2,Dortmund,2.3,1.6,62,28,11,39.3,0.07,0.18,17.8,0,0,0
31,Bayern Munich,Matchweek 30,Away,W,4,0,Heidenheim,3.2,0.6,68,18,11,61.1,0.22,0.36,15.2,1,0,0
32,Bayern Munich,Matchweek 31,Home,W,3,0,Mainz 05,1.1,0.7,59,14,6,42.9,0.21,0.5,16.4,0,0,0
33,Bayern Munich,Matchweek 32,Away,D,3,3,RB Leipzig,1.6,1.2,62,20,6,30,0.15,0.5,16.6,0,0,0
34,Bayern Munich,Matchweek 33,Home,W,2,0,Gladbach,2.5,1.6,62,24,9,37.5,0.08,0.22,17.7,0,0,0
35,Bayern Munich,Matchweek 34,Away,W,4,0,Hoffenheim,1.4,0.4,66,14,5,35.7,0.29,0.8,19.1,1,0,0
36,Leverkusen,Matchweek 1,Away,W,3,2,Gladbach,2.7,1.6,57,24,9,37.5,0.13,0.33,18.3,1,0,1
37,Leverkusen,Matchweek 2,Home,L,2,3,RB Leipzig,2.2,1.1,62,26,10,38.5,0.08,0.2,15.6,0,0,0
38,Leverkusen,Matchweek 3,Away,W,4,1,Hoffenheim,3.5,0.9,60,19,6,31.6,0.16,0.5,15.8,1,1,1
39,Leverkusen,Matchweek 4,Home,W,4,3,Wolfsburg,1.9,0.7,78,20,7,35,0.2,0.57,16.3,0,0,0
40,Leverkusen,Matchweek 5,Away,D,1,1,Bayern Munich,0.1,1.4,31,3,2,66.7,0.33,0.5,40.5,0,0,0
41,Leverkusen,Matchweek 6,Home,D,2,2,Holstein Kiel,2.1,1.6,74,23,7,30.4,0.09,0.29,18.3,0,0,0
42,Leverkusen,Matchweek 7,Home,W,2,1,Eint Frankfurt,3.8,1.9,54,26,8,30.8,0.08,0.25,17.4,0,0,1
43,Leverkusen,Matchweek 8,Away,D,2,2,Werder Bremen,1.3,1.6,57,14,5,35.7,0.07,0.2,15.2,1,0,0
44,Leverkusen,Matchweek 9,Home,D,0,0,Stuttgart,2.2,0.3,53,19,5,26.3,0,0,13.4,0,0,0
45,Leverkusen,Matchweek 10,Away,D,1,1,Bochum,1.2,0.7,70,11,3,27.3,0.09,0.33,16.4,0,0,0
46,Leverkusen,Matchweek 11,Home,W,5,2,Heidenheim,2.2,1.1,78,20,10,50,0.25,0.5,17.8,0,0,0
47,Leverkusen,Matchweek 12,Away,W,2,1,Union Berlin,0.9,0.7,62,8,3,37.5,0.25,0.67,16.2,1,0,0
48,Leverkusen,Matchweek 13,Home,W,2,1,St. Pauli,0.9,1.8,62,6,2,33.3,0.33,1,18.6,1,0,0
49,Leverkusen,Matchweek 14,Away,W,2,0,Augsburg,0.8,0.6,65,14,3,21.4,0.14,0.67,22.1,3,0,0
50,Leverkusen,Matchweek 15,Home,W,5,1,Freiburg,2.8,0.7,67,19,11,57.9,0.26,0.45,15.6,0,0,1
51,Leverkusen,Matchweek 16,Away,W,3,2,Dortmund,1.6,1.3,30,7,5,71.4,0.43,0.6,13.4,0,0,0
52,Leverkusen,Matchweek 17,Home,W,1,0,Mainz 05,1.8,0.7,66,20,8,40,0.05,0.13,18.2,1,0,0
53,Leverkusen,Matchweek 18,Home,W,3,1,Gladbach,2.1,0.6,55,9,4,44.4,0.22,0.5,17.1,0,1,1
54,Leverkusen,Matchweek 19,Away,D,2,2,RB Leipzig,2.4,0.7,35,13,6,46.2,0.15,0.33,15.5,0,0,0
55,Leverkusen,Matchweek 20,Home,W,3,1,Hoffenheim,1.4,1.9,48,9,5,55.6,0.33,0.6,17,0,0,0
56,Leverkusen,Matchweek 21,Away,D,0,0,Wolfsburg,1.4,0.7,59,15,1,6.7,0,0,13.7,0,0,0
57,Leverkusen,Matchweek 22,Home,D,0,0,Bayern Munich,2,0,57,15,2,13.3,0,0,15.8,0,0,0
58,Leverkusen,Matchweek 23,Away,W,2,0,Holstein Kiel,1.8,0.3,62,18,7,38.9,0.11,0.29,13.9,1,0,0
59,Leverkusen,Matchweek 24,Away,W,4,1,Eint Frankfurt,2,1.1,59,20,9,45,0.2,0.44,15.1,0,0,0
60,Leverkusen,Matchweek 25,Home,L,0,2,Werder Bremen,1.6,1.1,72,18,4,22.2,0,0,16.8,1,0,0
61,Leverkusen,Matchweek 26,Away,W,4,3,Stuttgart,1.7,2.3,57,16,4,25,0.19,0.75,14.2,0,0,0
62,Leverkusen,Matchweek 27,Home,W,3,1,Bochum,2,0.5,66,14,5,35.7,0.21,0.6,19,0,0,0
63,Leverkusen,Matchweek 28,Away,W,1,0,Heidenheim,0.4,1,51,6,2,33.3,0.17,0.5,21.6,0,0,0
64,Leverkusen,Matchweek 29,Home,D,0,0,Union Berlin,0.8,0.5,74,17,4,23.5,0,0,18.5,1,0,0
65,Leverkusen,Matchweek 30,Away,D,1,1,St. Pauli,0.8,1.1,57,6,4,66.7,0.17,0.25,15.5,0,0,0
66,Leverkusen,Matchweek 31,Home,W,2,0,Augsburg,0.9,0.7,53,14,5,35.7,0.14,0.4,18.4,0,0,0
67,Leverkusen,Matchweek 32,Away,D,2,2,Freiburg,0.3,0.9,67,5,2,40,0.4,1,19.2,0,0,0
68,Leverkusen,Matchweek 33,Home,L,2,4,Dortmund,2.2,1.2,62,19,10,52.6,0.11,0.2,16.8,0,0,0
69,Leverkusen,Matchweek 34,Away,D,2,2,Mainz 05,1.2,3.1,52,6,3,50,0.17,0.33,16.9,0,1,1
70,Eintracht Frankfurt,Matchweek 1,Away,L,0,2,Dortmund,1.4,1.7,31,7,2,28.6,0,0,17,0,0,0
71,Eintracht Frankfurt,Matchweek 2,Home,W,3,1,Hoffenheim,2.4,1,50,18,7,38.9,0.17,0.43,15.5,0,0,0
72,Eintracht Frankfurt,Matchweek 3,Away,W,2,1,Wolfsburg,2.5,1.5,40,13,5,38.5,0.08,0.2,16.4,0,1,1
73,Eintracht Frankfurt,Matchweek 4,Home,W,2,0,Gladbach,2.7,1.7,37,18,4,22.2,0.11,0.5,16.2,2,0,0
74,Eintracht Frankfurt,Matchweek 5,Away,W,4,2,Holstein Kiel,2.1,1.1,53,20,10,50,0.2,0.4,14.6,0,0,0
75,Eintracht Frankfurt,Matchweek 6,Home,D,3,3,Bayern Munich,1.2,2.2,26,6,4,66.7,0.5,0.75,16.9,0,0,0
76,Eintracht Frankfurt,Matchweek 7,Away,L,1,2,Leverkusen,1.9,3.8,46,8,0,0,0,,18.8,0,1,1
77,Eintracht Frankfurt,Matchweek 8,Away,D,1,1,Union Berlin,1.5,1.4,52,17,5,29.4,0.06,0.2,17.4,1,0,0
78,Eintracht Frankfurt,Matchweek 9,Home,W,7,2,Bochum,3.5,1.8,64,18,9,50,0.39,0.78,17,2,0,0
79,Eintracht Frankfurt,Matchweek 10,Away,W,3,2,Stuttgart,1.3,2.5,40,8,5,62.5,0.38,0.6,16.6,1,0,0
80,Eintracht Frankfurt,Matchweek 11,Home,W,1,0,Werder Bremen,1.1,0.4,50,15,5,33.3,0.07,0.2,19.6,0,0,0
81,Eintracht Frankfurt,Matchweek 12,Away,W,4,0,Heidenheim,2.6,0.7,54,14,8,57.1,0.29,0.5,17.2,0,0,0
82,Eintracht Frankfurt,Matchweek 13,Home,D,2,2,Augsburg,1.7,0.6,66,16,4,25,0.13,0.5,16,0,0,0
83,Eintracht Frankfurt,Matchweek 14,Away,L,1,2,RB Leipzig,0.9,1.9,56,16,3,18.8,0.06,0.33,16.9,1,0,0
84,Eintracht Frankfurt,Matchweek 15,Home,L,1,3,Mainz 05,2.4,0.6,70,34,8,23.5,0.03,0.13,16.3,0,0,0
85,Eintracht Frankfurt,Matchweek 16,Away,W,1,0,St. Pauli,1.5,2.2,57,14,6,42.9,0.07,0.17,14.5,0,0,0
86,Eintracht Frankfurt,Matchweek 17,Home,W,4,1,Freiburg,2.4,0.5,64,23,8,34.8,0.17,0.5,16.1,1,0,0
87,Eintracht Frankfurt,Matchweek 18,Home,W,2,0,Dortmund,1.7,0.8,33,13,5,38.5,0.15,0.4,16.3,0,0,0
88,Eintracht Frankfurt,Matchweek 19,Away,D,2,2,Hoffenheim,2.4,2.4,49,11,6,54.5,0.09,0.17,15.3,0,1,1
89,Eintracht Frankfurt,Matchweek 20,Home,D,1,1,Wolfsburg,1.2,1.2,61,16,4,25,0.06,0.25,17.2,0,0,0
90,Eintracht Frankfurt,Matchweek 21,Away,D,1,1,Gladbach,2.2,0.4,47,15,7,46.7,0.07,0.14,16,0,0,0
91,Eintracht Frankfurt,Matchweek 22,Home,W,3,1,Holstein Kiel,2.5,1.4,51,19,8,42.1,0.16,0.38,19.1,1,0,1
92,Eintracht Frankfurt,Matchweek 23,Away,L,0,4,Bayern Munich,0.5,3.8,37,7,2,28.6,0,0,16.3,0,0,0
93,Eintracht Frankfurt,Matchweek 24,Home,L,1,4,Leverkusen,1.1,2,41,7,3,42.9,0.14,0.33,16.1,0,0,0
94,Eintracht Frankfurt,Matchweek 25,Home,L,1,2,Union Berlin,1.8,0.9,66,13,2,15.4,0.08,0.5,16.5,0,0,1
95,Eintracht Frankfurt,Matchweek 26,Away,W,3,1,Bochum,2.5,1.4,49,18,7,38.9,0.17,0.43,15.4,1,0,0
96,Eintracht Frankfurt,Matchweek 27,Home,W,1,0,Stuttgart,3.7,1.2,46,19,5,26.3,0.05,0.2,14.9,1,0,0
97,Eintracht Frankfurt,Matchweek 28,Away,L,0,2,Werder Bremen,0.5,1,62,9,0,0,0,,18,1,0,0
98,Eintracht Frankfurt,Matchweek 29,Home,W,3,0,Heidenheim,3.7,1.7,44,19,8,42.1,0.16,0.38,19.8,0,0,0
99,Eintracht Frankfurt,Matchweek 30,Away,D,0,0,Augsburg,1.1,0.9,54,8,4,50,0,0,10.8,0,0,0
100,Eintracht Frankfurt,Matchweek 31,Home,W,4,0,RB Leipzig,2.1,0.4,46,9,5,55.6,0.44,0.8,13.1,1,0,0
101,Eintracht Frankfurt,Matchweek 32,Away,D,1,1,Mainz 05,1.3,1.4,36,8,2,25,0.13,0.5,18.1,0,0,0
102,Eintracht Frankfurt,Matchweek 33,Home,D,2,2,St. Pauli,1.7,0.8,72,13,5,38.5,0.15,0.4,14.9,0,0,0
103,Eintracht Frankfurt,Matchweek 34,Away,W,3,1,Freiburg,2,0.7,41,11,6,54.5,0.27,0.5,13.4,0,0,0
104,Dortmund,Matchweek 1,Home,W,2,0,Eint Frankfurt,1.7,1.4,69,20,5,25,0.1,0.4,17.2,0,0,0
105,Dortmund,Matchweek 2,Away,D,0,0,Werder Bremen,0.6,0.3,53,9,4,44.4,0,0,20.2,0,0,0
106,Dortmund,Matchweek 3,Home,W,4,2,Heidenheim,2.6,1.8,60,12,5,41.7,0.25,0.6,17,0,1,1
107,Dortmund,Matchweek 4,Away,L,1,5,Stuttgart,0.7,3.4,48,7,3,42.9,0.14,0.33,12.9,0,0,0
108,Dortmund,Matchweek 5,Home,W,4,2,Bochum,3.2,1.3,66,22,7,31.8,0.14,0.43,16.4,0,1,1
109,Dortmund,Matchweek 6,Away,L,1,2,Union Berlin,0.7,1.5,67,8,4,50,0.13,0.25,18.3,0,0,0
110,Dortmund,Matchweek 7,Home,W,2,1,St. Pauli,2.6,0.6,74,20,7,35,0.1,0.29,13.4,0,0,0
111,Dortmund,Matchweek 8,Away,L,1,2,Augsburg,1,0.6,75,11,4,36.4,0.09,0.25,20.1,0,0,0
112,Dortmund,Matchweek 9,Home,W,2,1,RB Leipzig,2,0.5,57,20,7,35,0.1,0.29,14.3,1,0,0
113,Dortmund,Matchweek 10,Away,L,1,3,Mainz 05,0.9,2,47,1,0,0,0,,23,0,1,1
114,Dortmund,Matchweek 11,Home,W,4,0,Freiburg,1.3,0.8,59,19,7,36.8,0.21,0.57,18.7,1,0,0
115,Dortmund,Matchweek 12,Home,D,1,1,Bayern Munich,0.6,1.5,33,7,2,28.6,0.14,0.5,18.3,0,0,0
116,Dortmund,Matchweek 13,Away,D,1,1,Gladbach,1.5,1.1,60,16,3,18.8,0.06,0.33,14.6,0,0,0
117,Dortmund,Matchweek 14,Home,D,1,1,Hoffenheim,0.5,1,54,6,2,33.3,0.17,0.5,16.9,1,0,0
118,Dortmund,Matchweek 15,Away,W,3,1,Wolfsburg,2.7,1.5,50,12,4,33.3,0.25,0.75,13.7,0,0,0
119,Dortmund,Matchweek 16,Home,L,2,3,Leverkusen,1.3,1.6,70,11,4,36.4,0.09,0.25,19.3,0,1,1
120,Dortmund,Matchweek 17,Away,L,2,4,Holstein Kiel,1,1.6,75,16,4,25,0.13,0.5,18,0,0,0
121,Dortmund,Matchweek 18,Away,L,0,2,Eint Frankfurt,0.8,1.7,67,12,3,25,0,0,15,0,0,0
122,Dortmund,Matchweek 19,Home,D,2,2,Werder Bremen,1,1.3,46,8,4,50,0.13,0.25,15.8,1,0,0
123,Dortmund,Matchweek 20,Away,W,2,1,Heidenheim,2.2,0.6,63,16,5,31.3,0.13,0.4,15,0,0,0
124,Dortmund,Matchweek 21,Home,L,1,2,Stuttgart,1.4,0.3,68,16,5,31.3,0.06,0.2,18.2,2,0,0
125,Dortmund,Matchweek 22,Away,L,0,2,Bochum,2.6,2.7,69,17,2,11.8,0,0,16.5,2,0,0
126,Dortmund,Matchweek 23,Home,W,6,0,Union Berlin,4.8,0.3,64,24,8,33.3,0.21,0.63,12.8,0,0,0
127,Dortmund,Matchweek 24,Away,W,2,0,St. Pauli,1.5,0.4,57,14,3,21.4,0.14,0.67,14.3,0,0,0
128,Dortmund,Matchweek 25,Home,L,0,1,Augsburg,1.2,0.2,71,15,1,6.7,0,0,15.1,0,0,0
129,Dortmund,Matchweek 26,Away,L,0,2,RB Leipzig,3,1.8,66,25,9,36,0,0,15,0,0,0
130,Dortmund,Matchweek 27,Home,W,3,1,Mainz 05,2.8,0.8,44,18,7,38.9,0.17,0.43,17.6,1,0,0
131,Dortmund,Matchweek 28,Away,W,4,1,Freiburg,3.3,1.8,46,18,7,38.9,0.22,0.57,12.7,0,0,0
132,Dortmund,Matchweek 29,Away,D,2,2,Bayern Munich,1.6,2.3,38,11,3,27.3,0.18,0.67,14.8,0,0,0
133,Dortmund,Matchweek 30,Home,W,3,2,Gladbach,1.4,1.4,59,14,6,42.9,0.21,0.5,16.8,0,0,0
134,Dortmund,Matchweek 31,Away,W,3,2,Hoffenheim,2.6,1.1,61,15,7,46.7,0.2,0.43,16.8,0,0,1
135,Dortmund,Matchweek 32,Home,W,4,0,Wolfsburg,2.4,0.7,54,11,5,45.5,0.36,0.8,12.8,0,0,0
136,Dortmund,Matchweek 33,Away,W,4,2,Leverkusen,1.2,2.2,38,9,5,55.6,0.44,0.8,19.5,0,0,0
137,Dortmund,Matchweek 34,Home,W,3,0,Holstein Kiel,2.4,0.8,73,18,5,27.8,0.11,0.4,19,0,1,1
138,Freiburg,Matchweek 1,Home,W,3,1,Stuttgart,2.1,0.4,33,16,5,31.3,0.19,0.6,16.4,1,0,0
139,Freiburg,Matchweek 2,Away,L,0,2,Bayern Munich,1,1.5,34,8,3,37.5,0,0,26.8,0,0,1
140,Freiburg,Matchweek 3,Home,W,2,1,Bochum,3.7,0.9,54,26,8,30.8,0.08,0.25,14.4,0,0,0
141,Freiburg,Matchweek 4,Away,W,3,0,Heidenheim,1.4,0.7,58,15,5,33.3,0.2,0.6,16.8,0,0,0
142,Freiburg,Matchweek 5,Home,L,0,3,St. Pauli,1.2,1.1,73,8,1,12.5,0,0,16.9,1,0,1
143,Freiburg,Matchweek 6,Away,W,1,0,Werder Bremen,1,1,42,15,3,20,0.07,0.33,20.6,0,0,0
144,Freiburg,Matchweek 7,Home,W,3,1,Augsburg,0.8,0.6,57,15,6,40,0.2,0.5,19.8,0,0,0
145,Freiburg,Matchweek 8,Away,L,1,3,RB Leipzig,1.7,1.8,57,15,5,33.3,0.07,0.2,18,2,0,0
146,Freiburg,Matchweek 9,Home,D,0,0,Mainz 05,0.8,0.5,51,10,2,20,0,0,19.7,0,0,0
147,Freiburg,Matchweek 10,Away,D,0,0,Union Berlin,1.7,0.7,59,13,3,23.1,0,0,19.8,0,0,1
148,Freiburg,Matchweek 11,Away,L,0,4,Dortmund,0.8,1.3,41,7,2,28.6,0,0,18.1,0,0,0
149,Freiburg,Matchweek 12,Home,W,3,1,Gladbach,1.6,1.5,48,17,7,41.2,0.18,0.43,16.5,1,0,0
150,Freiburg,Matchweek 13,Away,D,1,1,Hoffenheim,1,1.4,50,11,4,36.4,0.09,0.25,15.1,0,0,0
151,Freiburg,Matchweek 14,Home,W,3,2,Wolfsburg,2.1,1.8,53,18,9,50,0.17,0.33,14.9,0,0,0
152,Freiburg,Matchweek 15,Away,L,1,5,Leverkusen,0.7,2.8,33,8,2,25,0.13,0.5,17.7,0,0,0
153,Freiburg,Matchweek 16,Home,W,3,2,Holstein Kiel,0.7,1.8,51,14,5,35.7,0.14,0.4,18,1,0,0
154,Freiburg,Matchweek 17,Away,L,1,4,Eint Frankfurt,0.5,2.4,36,7,5,71.4,0.14,0.2,25,1,0,0
155,Freiburg,Matchweek 18,Away,L,0,4,Stuttgart,0.2,1.9,44,4,0,0,0,,17.7,0,0,0
156,Freiburg,Matchweek 19,Home,L,1,2,Bayern Munich,0.3,1,35,7,2,28.6,0.14,0.5,14.8,0,0,0
157,Freiburg,Matchweek 20,Away,W,1,0,Bochum,1.7,1,42,13,4,30.8,0.08,0.25,14.1,1,0,0
158,Freiburg,Matchweek 21,Home,W,1,0,Heidenheim,1,0.5,53,9,3,33.3,0.11,0.33,13.7,0,0,0
159,Freiburg,Matchweek 22,Away,W,1,0,St. Pauli,1.3,0.2,46,4,2,50,0,0,26.6,2,0,1
160,Freiburg,Matchweek 23,Home,W,5,0,Werder Bremen,1.8,1.2,37,13,6,46.2,0.38,0.83,15.2,1,0,0
161,Freiburg,Matchweek 24,Away,D,0,0,Augsburg,0.8,1.5,49,7,3,42.9,0,0,21.3,1,0,0
162,Freiburg,Matchweek 25,Home,D,0,0,RB Leipzig,0.5,1.5,53,10,2,20,0,0,25.2,1,0,0
163,Freiburg,Matchweek 26,Away,D,2,2,Mainz 05,3.1,1.3,56,24,8,33.3,0.08,0.25,13.4,1,0,0
164,Freiburg,Matchweek 27,Home,L,1,2,Union Berlin,1.4,1,72,9,3,33.3,0.11,0.33,19.5,1,0,0
165,Freiburg,Matchweek 28,Home,L,1,4,Dortmund,1.8,3.3,54,12,2,16.7,0.08,0.5,14.5,0,0,0
166,Freiburg,Matchweek 29,Away,W,2,1,Gladbach,1.6,0.7,58,19,7,36.8,0.11,0.29,13.1,0,0,0
167,Freiburg,Matchweek 30,Home,W,3,2,Hoffenheim,1.3,1.5,40,12,6,50,0.25,0.5,14.9,0,0,0
168,Freiburg,Matchweek 31,Away,W,1,0,Wolfsburg,1.6,0.3,56,15,2,13.3,0.07,0.5,17.1,1,0,0
169,Freiburg,Matchweek 32,Home,D,2,2,Leverkusen,0.9,0.3,33,7,3,42.9,0.14,0.33,15.6,0,0,0
170,Freiburg,Matchweek 33,Away,W,2,1,Holstein Kiel,1.4,1,40,9,3,33.3,0.22,0.67,10.3,0,0,0
171,Freiburg,Matchweek 34,Home,L,1,3,Eint Frankfurt,0.7,2,59,8,1,12.5,0.13,1,13,0,0,0
172,Mainz 05,Matchweek 1,Home,D,1,1,Union Berlin,1.2,0.6,53,14,3,21.4,0.07,0.33,15.4,1,0,0
173,Mainz 05,Matchweek 2,Away,D,3,3,Stuttgart,2.3,3.8,37,10,6,60,0.2,0.33,21.6,1,1,1
174,Mainz 05,Matchweek 3,Home,L,1,2,Werder Bremen,1.1,1.6,58,16,5,31.3,0.06,0.2,16.9,1,0,0
175,Mainz 05,Matchweek 4,Away,W,3,2,Augsburg,1,2.4,27,5,3,60,0.6,1,11.4,0,0,0
176,Mainz 05,Matchweek 5,Home,L,0,2,Heidenheim,0.6,1.2,50,7,1,14.3,0,0,17.9,1,0,0
177,Mainz 05,Matchweek 6,Away,W,3,0,St. Pauli,1.1,1,44,8,4,50,0.38,0.75,21.4,0,0,0
178,Mainz 05,Matchweek 7,Home,L,0,2,RB Leipzig,0.6,1.9,53,17,2,11.8,0,0,18.1,0,0,0
179,Mainz 05,Matchweek 8,Home,D,1,1,Gladbach,1.7,0.7,52,23,6,26.1,0,0,19.2,0,0,0
180,Mainz 05,Matchweek 9,Away,D,0,0,Freiburg,0.5,0.8,49,9,2,22.2,0,0,17,0,0,0
181,Mainz 05,Matchweek 10,Home,W,3,1,Dortmund,2,0.9,53,13,9,69.2,0.23,0.33,13.4,0,0,0
182,Mainz 05,Matchweek 11,Away,W,3,0,Holstein Kiel,2.2,0.4,62,17,6,35.3,0.12,0.33,18,1,1,1
183,Mainz 05,Matchweek 12,Home,W,2,0,Hoffenheim,2.2,0.4,52,18,8,44.4,0.11,0.25,14.8,0,0,0
184,Mainz 05,Matchweek 13,Away,L,3,4,Wolfsburg,2.6,1.2,56,12,5,41.7,0.25,0.6,13.1,1,0,0
185,Mainz 05,Matchweek 14,Home,W,2,1,Bayern Munich,1,1.4,32,8,4,50,0.25,0.5,15.1,0,0,0
186,Mainz 05,Matchweek 15,Away,W,3,1,Eint Frankfurt,0.6,2.4,30,9,3,33.3,0.22,0.67,18.2,0,0,0
187,Mainz 05,Matchweek 16,Home,W,2,0,Bochum,1.9,0.6,58,10,5,50,0.2,0.4,12.1,0,0,0
188,Mainz 05,Matchweek 17,Away,L,0,1,Leverkusen,0.7,1.8,34,7,4,57.1,0,0,15,0,0,0
189,Mainz 05,Matchweek 18,Away,L,1,2,Union Berlin,1.7,2.1,66,8,0,0,0,,20.7,0,1,1
190,Mainz 05,Matchweek 19,Home,W,2,0,Stuttgart,1.9,1.1,44,11,4,36.4,0.18,0.5,15.3,0,0,0
191,Mainz 05,Matchweek 20,Away,L,0,1,Werder Bremen,1.2,2.5,62,13,2,15.4,0,0,15.8,1,0,0
192,Mainz 05,Matchweek 21,Home,D,0,0,Augsburg,1.3,0.3,66,9,5,55.6,0,0,14.5,0,0,0
193,Mainz 05,Matchweek 22,Away,W,2,0,Heidenheim,2,0.6,44,6,5,83.3,0.33,0.4,13.4,0,0,0
194,Mainz 05,Matchweek 23,Home,W,2,0,St. Pauli,1.2,0.8,53,10,5,50,0.2,0.4,17.2,0,0,0
195,Mainz 05,Matchweek 24,Away,W,2,1,RB Leipzig,1.5,1.4,51,15,3,20,0.13,0.67,15.9,0,0,0
196,Mainz 05,Matchweek 25,Away,W,3,1,Gladbach,1.5,1.4,43,15,7,46.7,0.2,0.43,18.9,0,0,0
197,Mainz 05,Matchweek 26,Home,D,2,2,Freiburg,1.3,3.1,44,9,4,44.4,0.22,0.5,20.2,0,0,0
198,Mainz 05,Matchweek 27,Away,L,1,3,Dortmund,0.8,2.8,56,12,2,16.7,0.08,0.5,14.5,0,0,0
199,Mainz 05,Matchweek 28,Home,D,1,1,Holstein Kiel,1.8,0.9,58,13,3,23.1,0.08,0.33,14.5,1,0,0
200,Mainz 05,Matchweek 29,Away,L,0,2,Hoffenheim,1.2,1.7,64,14,1,7.1,0,0,15.2,0,0,0
201,Mainz 05,Matchweek 30,Home,D,2,2,Wolfsburg,2.7,1.6,52,18,7,38.9,0.11,0.29,14.7,0,0,0
202,Mainz 05,Matchweek 31,Away,L,0,3,Bayern Munich,0.7,1.1,41,8,3,37.5,0,0,18.8,0,0,0
203,Mainz 05,Matchweek 32,Home,D,1,1,Eint Frankfurt,1.4,1.3,64,12,3,25,0.08,0.33,13.9,0,0,0
204,Mainz 05,Matchweek 33,Away,W,4,1,Bochum,1.5,0.9,56,22,7,31.8,0.18,0.57,16.6,2,0,0
205,Mainz 05,Matchweek 34,Home,D,2,2,Leverkusen,3.1,1.2,48,19,5,26.3,0.05,0.2,15.5,1,1,1
206,RB Leipzig,Matchweek 1,Home,W,1,0,Bochum,1.3,1,62,13,3,23.1,0.08,0.33,14.7,0,0,0
207,RB Leipzig,Matchweek 2,Away,W,3,2,Leverkusen,1.1,2.2,38,8,4,50,0.38,0.75,18.2,0,0,0
208,RB Leipzig,Matchweek 3,Home,D,0,0,Union Berlin,1.3,0.6,67,14,2,14.3,0,0,21.5,1,0,1
209,RB Leipzig,Matchweek 4,Away,D,0,0,St. Pauli,0.7,1.4,69,10,5,50,0,0,15.4,0,0,0
210,RB Leipzig,Matchweek 5,Home,W,4,0,Augsburg,3,1.1,59,17,6,35.3,0.24,0.67,14,0,0,0
211,RB Leipzig,Matchweek 6,Away,W,1,0,Heidenheim,1.4,1,55,13,2,15.4,0.08,0.5,18.6,0,0,0
212,RB Leipzig,Matchweek 7,Away,W,2,0,Mainz 05,1.9,0.6,47,11,5,45.5,0.18,0.4,16.1,0,0,0
213,RB Leipzig,Matchweek 8,Home,W,3,1,Freiburg,1.8,1.7,43,12,9,75,0.25,0.33,13.4,0,0,0
214,RB Leipzig,Matchweek 9,Away,L,1,2,Dortmund,0.5,2,43,7,2,28.6,0.14,0.5,18.8,0,0,0
215,RB Leipzig,Matchweek 10,Home,D,0,0,Gladbach,1,0.9,61,12,5,41.7,0,0,16.2,0,0,0
216,RB Leipzig,Matchweek 11,Away,L,3,4,Hoffenheim,1.6,2,41,14,6,42.9,0.14,0.33,15.5,1,0,0
217,RB Leipzig,Matchweek 12,Home,L,1,5,Wolfsburg,1,2.2,63,9,4,44.4,0.11,0.25,18.6,0,0,0
218,RB Leipzig,Matchweek 13,Away,W,2,0,Holstein Kiel,1.6,1.2,44,8,4,50,0.13,0.25,16.7,0,1,1
219,RB Leipzig,Matchweek 14,Home,W,2,1,Eint Frankfurt,1.9,0.9,44,19,9,47.4,0.11,0.22,16.2,1,0,0
220,RB Leipzig,Matchweek 15,Away,L,1,5,Bayern Munich,0.4,3.3,29,4,1,25,0.25,1,11.4,0,0,0
221,RB Leipzig,Matchweek 16,Home,W,4,2,Werder Bremen,2.1,1.5,49,18,7,38.9,0.22,0.57,16.6,0,0,0
222,RB Leipzig,Matchweek 17,Away,L,1,2,Stuttgart,1,2.5,42,6,3,50,0.17,0.33,19.9,0,0,0
223,RB Leipzig,Matchweek 18,Away,D,3,3,Bochum,2.2,2.7,55,11,3,27.3,0.27,1,13.5,0,0,0
224,RB Leipzig,Matchweek 19,Home,D,2,2,Leverkusen,0.7,2.4,65,7,3,42.9,0.14,0.33,14.7,1,0,0
225,RB Leipzig,Matchweek 20,Away,D,0,0,Union Berlin,0.3,1.3,53,6,2,33.3,0,0,20.8,0,0,0
226,RB Leipzig,Matchweek 21,Home,W,2,0,St. Pauli,1.5,0.6,56,11,5,45.5,0.18,0.4,12,0,0,0
227,RB Leipzig,Matchweek 22,Away,D,0,0,Augsburg,1.2,1,61,14,4,28.6,0,0,17.5,0,0,0
228,RB Leipzig,Matchweek 23,Home,D,2,2,Heidenheim,1.9,0.8,74,16,5,31.3,0.06,0.2,18.1,0,1,1
229,RB Leipzig,Matchweek 24,Home,L,1,2,Mainz 05,1.4,1.5,49,13,3,23.1,0.08,0.33,14.9,0,0,0
230,RB Leipzig,Matchweek 25,Away,D,0,0,Freiburg,1.5,0.5,47,18,3,16.7,0,0,14.4,1,0,0
231,RB Leipzig,Matchweek 26,Home,W,2,0,Dortmund,1.8,3,34,15,5,33.3,0.13,0.4,17,0,0,0
232,RB Leipzig,Matchweek 27,Away,L,0,1,Gladbach,1.3,1.8,60,19,3,15.8,0,0,17,1,0,0
233,RB Leipzig,Matchweek 28,Home,W,3,1,Hoffenheim,1.6,0.9,66,16,5,31.3,0.19,0.6,18,1,0,0
234,RB Leipzig,Matchweek 29,Away,W,3,2,Wolfsburg,1.3,1.6,53,16,5,31.3,0.19,0.6,19.2,0,0,0
235,RB Leipzig,Matchweek 30,Home,D,1,1,Holstein Kiel,1.9,0.8,61,9,3,33.3,0,0,15,0,1,1
236,RB Leipzig,Matchweek 31,Away,L,0,4,Eint Frankfurt,0.4,2.1,54,7,3,42.9,0,0,21.9,1,0,0
237,RB Leipzig,Matchweek 32,Home,D,3,3,Bayern Munich,1.2,1.6,38,8,6,75,0.38,0.5,19.3,1,0,0
238,RB Leipzig,Matchweek 33,Away,D,0,0,Werder Bremen,1.7,2,45,16,4,25,0,0,19.3,1,0,0
239,RB Leipzig,Matchweek 34,Home,L,2,3,Stuttgart,1.1,2.6,49,8,5,62.5,0.25,0.4,15,1,0,0
240,Werder Bremen,Matchweek 1,Away,D,2,2,Augsburg,1.4,1,54,11,5,45.5,0.18,0.4,13,0,0,0
241,Werder Bremen,Matchweek 2,Home,D,0,0,Dortmund,0.3,0.6,47,5,1,20,0,0,19.8,1,0,0
242,Werder Bremen,Matchweek 3,Away,W,2,1,Mainz 05,1.6,1.1,42,13,3,23.1,0.08,0.33,16.1,0,1,1
243,Werder Bremen,Matchweek 4,Home,L,0,5,Bayern Munich,0,3,31,0,0,,,,,0,0,0
244,Werder Bremen,Matchweek 5,Away,W,4,3,Hoffenheim,2.9,1.2,64,23,10,43.5,0.17,0.4,14.2,1,0,0
245,Werder Bremen,Matchweek 6,Home,L,0,1,Freiburg,1,1,58,12,3,25,0,0,19.6,1,0,0
246,Werder Bremen,Matchweek 7,Away,W,4,2,Wolfsburg,2,1.8,57,15,7,46.7,0.27,0.57,16.8,1,0,0
247,Werder Bremen,Matchweek 8,Home,D,2,2,Leverkusen,1.6,1.3,43,13,8,61.5,0.15,0.25,16.6,0,0,0
248,Werder Bremen,Matchweek 9,Away,L,1,4,Gladbach,1.4,2.5,53,15,5,33.3,0.07,0.2,15.2,0,0,0
249,Werder Bremen,Matchweek 10,Home,W,2,1,Holstein Kiel,1.7,0.7,60,16,5,31.3,0.13,0.4,15.2,1,0,0
250,Werder Bremen,Matchweek 11,Away,L,0,1,Eint Frankfurt,0.4,1.1,50,8,1,12.5,0,0,20.3,0,0,0
251,Werder Bremen,Matchweek 12,Home,D,2,2,Stuttgart,1.6,1.8,43,20,6,30,0.1,0.33,15.4,0,0,0
252,Werder Bremen,Matchweek 13,Away,W,1,0,Bochum,0.8,1.2,48,9,1,11.1,0.11,1,16.3,0,0,0
253,Werder Bremen,Matchweek 14,Away,W,2,0,St. Pauli,1,0.6,44,8,4,50,0.25,0.5,17.5,0,0,0
254,Werder Bremen,Matchweek 15,Home,W,4,1,Union Berlin,2.3,1.3,54,10,5,50,0.4,0.8,11.9,0,0,0
255,Werder Bremen,Matchweek 16,Away,L,2,4,RB Leipzig,1.5,2.1,51,7,2,28.6,0.29,1,15.2,0,0,0
256,Werder Bremen,Matchweek 17,Home,D,3,3,Heidenheim,1.5,1.4,52,12,5,41.7,0.25,0.6,17.2,1,0,0
257,Werder Bremen,Matchweek 18,Home,L,0,2,Augsburg,1.3,1.2,71,20,2,10,0,0,14.3,0,0,0
258,Werder Bremen,Matchweek 19,Away,D,2,2,Dortmund,1.3,1,54,13,4,30.8,0.15,0.5,18.9,1,0,0
259,Werder Bremen,Matchweek 20,Home,W,1,0,Mainz 05,2.5,1.2,38,11,4,36.4,0.09,0.25,13.7,0,0,1
260,Werder Bremen,Matchweek 21,Away,L,0,3,Bayern Munich,0.1,4.1,25,2,0,0,0,,14.8,0,0,0
261,Werder Bremen,Matchweek 22,Home,L,1,3,Hoffenheim,1.1,1.4,63,14,2,14.3,0,0,17.1,1,0,0
262,Werder Bremen,Matchweek 23,Away,L,0,5,Freiburg,1.2,1.8,63,8,2,25,0,0,20.7,0,0,1
263,Werder Bremen,Matchweek 24,Home,L,1,2,Wolfsburg,1.9,0.9,56,15,7,46.7,0.07,0.14,16.8,0,0,0
264,Werder Bremen,Matchweek 25,Away,W,2,0,Leverkusen,1.1,1.6,28,11,7,63.6,0.18,0.29,16,1,0,0
265,Werder Bremen,Matchweek 26,Home,L,2,4,Gladbach,2.5,2.4,53,22,1,4.5,0.05,1,15.1,1,1,1
266,Werder Bremen,Matchweek 27,Away,W,3,0,Holstein Kiel,1.8,0.5,45,14,7,50,0.21,0.43,16.8,1,0,0
267,Werder Bremen,Matchweek 28,Home,W,2,0,Eint Frankfurt,1,0.5,38,12,4,33.3,0.17,0.5,17.2,0,0,0
268,Werder Bremen,Matchweek 29,Away,W,2,1,Stuttgart,1.5,1.7,52,14,5,35.7,0.14,0.4,18,0,0,0
269,Werder Bremen,Matchweek 30,Home,W,1,0,Bochum,1.8,0.7,48,14,4,28.6,0.07,0.25,15.1,1,0,0
270,Werder Bremen,Matchweek 31,Home,D,0,0,St. Pauli,1.1,0.6,51,11,2,18.2,0,0,16.5,0,0,0
271,Werder Bremen,Matchweek 32,Away,D,2,2,Union Berlin,1.6,1.5,59,13,6,46.2,0.15,0.33,17.6,0,0,0
272,Werder Bremen,Matchweek 33,Home,D,0,0,RB Leipzig,2,1.7,55,21,5,23.8,0,0,13,0,0,0
273,Werder Bremen,Matchweek 34,Away,W,4,1,Heidenheim,2.2,1.6,49,12,5,41.7,0.25,0.6,15.5,0,1,1
274,Stuttgart,Matchweek 1,Away,L,1,3,Freiburg,0.4,2.1,67,9,2,22.2,0.11,0.5,23.7,1,0,0
275,Stuttgart,Matchweek 2,Home,D,3,3,Mainz 05,3.8,2.3,63,28,11,39.3,0.11,0.27,14.9,2,0,0
276,Stuttgart,Matchweek 3,Away,W,3,1,Gladbach,2.2,1.6,56,12,7,58.3,0.25,0.43,14.3,0,0,0
277,Stuttgart,Matchweek 4,Home,W,5,1,Dortmund,3.4,0.7,52,17,9,52.9,0.29,0.56,14.8,0,0,0
278,Stuttgart,Matchweek 5,Away,D,2,2,Wolfsburg,1.8,1.1,69,17,3,17.6,0.12,0.67,18.9,1,0,1
279,Stuttgart,Matchweek 6,Home,D,1,1,Hoffenheim,1.9,0.9,67,19,5,26.3,0.05,0.2,15.1,0,0,1
280,Stuttgart,Matchweek 7,Away,L,0,4,Bayern Munich,0.5,3.2,35,4,1,25,0,0,17.7,0,0,0
281,Stuttgart,Matchweek 8,Home,W,2,1,Holstein Kiel,1.6,0.5,58,16,6,37.5,0.13,0.33,17.8,0,0,0
282,Stuttgart,Matchweek 9,Away,D,0,0,Leverkusen,0.3,2.2,47,4,1,25,0,0,20.5,0,0,0
283,Stuttgart,Matchweek 10,Home,L,2,3,Eint Frankfurt,2.5,1.3,60,21,9,42.9,0.1,0.22,16.6,0,0,1
284,Stuttgart,Matchweek 11,Home,W,2,0,Bochum,1.7,0.7,58,15,4,26.7,0.13,0.5,15.7,0,0,0
285,Stuttgart,Matchweek 12,Away,D,2,2,Werder Bremen,1.8,1.6,57,10,4,40,0.2,0.5,17.7,0,0,0
286,Stuttgart,Matchweek 13,Home,W,3,2,Union Berlin,2.1,1.4,64,7,5,71.4,0.43,0.6,17.7,0,0,0
287,Stuttgart,Matchweek 14,Away,W,3,1,Heidenheim,2.3,1,66,17,6,35.3,0.12,0.33,18.1,2,1,1
288,Stuttgart,Matchweek 15,Home,L,0,1,St. Pauli,2.1,2.2,72,25,5,20,0,0,14.2,0,0,0
289,Stuttgart,Matchweek 16,Away,W,1,0,Augsburg,2.4,0.3,57,13,5,38.5,0.08,0.2,12.8,1,0,0
290,Stuttgart,Matchweek 17,Home,W,2,1,RB Leipzig,2.5,1,58,14,6,42.9,0.14,0.33,16.3,0,0,0
291,Stuttgart,Matchweek 18,Home,W,4,0,Freiburg,1.9,0.2,56,11,6,54.5,0.27,0.5,16.2,0,1,1
292,Stuttgart,Matchweek 19,Away,L,0,2,Mainz 05,1.1,1.9,56,10,4,40,0,0,15.7,0,0,0
293,Stuttgart,Matchweek 20,Home,L,1,2,Gladbach,1.2,2.1,54,10,3,30,0,0,12.1,0,0,0
294,Stuttgart,Matchweek 21,Away,W,2,1,Dortmund,0.3,1.4,32,4,2,50,0.25,0.5,15.3,0,0,0
295,Stuttgart,Matchweek 22,Home,L,1,2,Wolfsburg,0.8,1.6,57,10,4,40,0.1,0.25,13.1,0,0,0
296,Stuttgart,Matchweek 23,Away,D,1,1,Hoffenheim,2.1,1,55,14,7,50,0.07,0.14,13.5,0,0,0
297,Stuttgart,Matchweek 24,Home,L,1,3,Bayern Munich,0.9,2.2,53,12,3,25,0.08,0.33,16,0,0,0
298,Stuttgart,Matchweek 25,Away,D,2,2,Holstein Kiel,0.8,1.4,48,6,2,33.3,0.33,1,12.4,0,0,0
299,Stuttgart,Matchweek 26,Home,L,3,4,Leverkusen,2.3,1.7,43,11,6,54.5,0.18,0.33,11.9,0,0,0
300,Stuttgart,Matchweek 27,Away,L,0,1,Eint Frankfurt,1.2,3.7,54,8,2,25,0,0,13.9,0,0,0
301,Stuttgart,Matchweek 28,Away,W,4,0,Bochum,2.8,0.8,46,14,6,42.9,0.29,0.67,15.4,0,0,0
302,Stuttgart,Matchweek 29,Home,L,1,2,Werder Bremen,1.7,1.5,48,12,4,33.3,0.08,0.25,17,0,0,0
303,Stuttgart,Matchweek 30,Away,D,4,4,Union Berlin,0.9,1.3,77,12,6,50,0.33,0.67,18.7,1,0,0
304,Stuttgart,Matchweek 31,Home,L,0,1,Heidenheim,1.8,0.3,69,19,3,15.8,0,0,18.9,1,0,0
305,Stuttgart,Matchweek 32,Away,W,1,0,St. Pauli,2.7,0.4,70,20,7,35,0.05,0.14,16.5,0,0,1
306,Stuttgart,Matchweek 33,Home,W,4,0,Augsburg,3.9,0.5,70,29,11,37.9,0.14,0.36,13.8,0,0,0
307,Stuttgart,Matchweek 34,Away,W,3,2,RB Leipzig,2.6,1.1,51,15,7,46.7,0.2,0.43,10.9,0,0,0
308,Gladbach,Matchweek 1,Home,L,2,3,Leverkusen,1.6,2.7,43,14,7,50,0.14,0.29,15.3,0,0,0
309,Gladbach,Matchweek 2,Away,W,2,0,Bochum,2.9,0.7,61,15,5,33.3,0.13,0.4,14.8,0,0,0
310,Gladbach,Matchweek 3,Home,L,1,3,Stuttgart,1.6,2.2,44,15,7,46.7,0.07,0.14,15.5,0,0,0
311,Gladbach,Matchweek 4,Away,L,0,2,Eint Frankfurt,1.7,2.7,63,25,7,28,0,0,17.6,1,0,0
312,Gladbach,Matchweek 5,Home,W,1,0,Union Berlin,0.9,0.7,62,8,2,25,0.13,0.5,14.6,0,0,0
313,Gladbach,Matchweek 6,Away,L,1,2,Augsburg,0.5,1.3,65,11,4,36.4,0.09,0.25,15.1,0,0,0
314,Gladbach,Matchweek 7,Home,W,3,2,Heidenheim,3.6,2,66,19,9,47.4,0.11,0.22,16,0,1,1
315,Gladbach,Matchweek 8,Away,D,1,1,Mainz 05,0.7,1.7,48,9,5,55.6,0.11,0.2,18.3,1,0,0
316,Gladbach,Matchweek 9,Home,W,4,1,Werder Bremen,2.5,1.4,47,16,7,43.8,0.19,0.43,14.5,0,0,0
317,Gladbach,Matchweek 10,Away,D,0,0,RB Leipzig,0.9,1,39,14,4,28.6,0,0,19.2,0,0,0
318,Gladbach,Matchweek 11,Home,W,2,0,St. Pauli,2.3,1.1,48,15,3,20,0.13,0.67,14.6,0,0,0
319,Gladbach,Matchweek 12,Away,L,1,3,Freiburg,1.5,1.6,52,15,3,20,0.07,0.33,17.1,0,0,0
320,Gladbach,Matchweek 13,Home,D,1,1,Dortmund,1.1,1.5,40,8,2,25,0,0,22.2,1,1,1
321,Gladbach,Matchweek 14,Home,W,4,1,Holstein Kiel,2.4,0.6,56,17,6,35.3,0.24,0.67,13.4,0,0,0
322,Gladbach,Matchweek 15,Away,W,2,1,Hoffenheim,0.7,3.5,35,5,3,60,0.4,0.67,11.5,0,0,0
323,Gladbach,Matchweek 16,Home,L,0,1,Bayern Munich,0.4,4.3,33,5,0,0,0,,15.3,0,0,0
324,Gladbach,Matchweek 17,Away,L,1,5,Wolfsburg,1.1,3.9,65,9,5,55.6,0.11,0.2,21.6,1,0,0
325,Gladbach,Matchweek 18,Away,L,1,3,Leverkusen,0.6,2.1,45,7,4,57.1,0.14,0.25,17.7,0,0,0
326,Gladbach,Matchweek 19,Home,W,3,0,Bochum,2.3,0.5,57,15,5,33.3,0.2,0.6,16.9,0,0,1
327,Gladbach,Matchweek 20,Away,W,2,1,Stuttgart,2.1,1.2,46,13,6,46.2,0.15,0.33,17.9,0,0,0
328,Gladbach,Matchweek 21,Home,D,1,1,Eint Frankfurt,0.4,2.2,53,8,3,37.5,0.13,0.33,19.2,0,0,0
329,Gladbach,Matchweek 22,Away,W,2,1,Union Berlin,2.1,2,48,9,5,55.6,0.22,0.4,12.8,0,0,0
330,Gladbach,Matchweek 23,Home,L,0,3,Augsburg,1,1.5,49,8,4,50,0,0,11.6,0,0,0
331,Gladbach,Matchweek 24,Away,W,3,0,Heidenheim,1.8,1.6,55,13,5,38.5,0.23,0.6,17.8,0,0,0
332,Gladbach,Matchweek 25,Home,L,1,3,Mainz 05,1.4,1.5,57,12,4,33.3,0.08,0.25,17,0,0,0
333,Gladbach,Matchweek 26,Away,W,4,2,Werder Bremen,2.4,2.5,47,12,6,50,0.25,0.5,18,0,1,1
334,Gladbach,Matchweek 27,Home,W,1,0,RB Leipzig,1.8,1.3,40,16,3,18.8,0.06,0.33,15,1,0,0
335,Gladbach,Matchweek 28,Away,D,1,1,St. Pauli,0.6,1.9,37,5,3,60,0.2,0.33,17.3,0,0,0
336,Gladbach,Matchweek 29,Home,L,1,2,Freiburg,0.7,1.6,42,10,1,10,0,0,17,0,0,0
337,Gladbach,Matchweek 30,Away,L,2,3,Dortmund,1.4,1.4,41,5,2,40,0.2,0.5,22.3,0,1,1
338,Gladbach,Matchweek 31,Away,L,3,4,Holstein Kiel,1.6,3.5,62,16,7,43.8,0.19,0.43,12.5,0,0,0
339,Gladbach,Matchweek 32,Home,D,4,4,Hoffenheim,1.4,1.8,44,12,7,58.3,0.33,0.57,16.7,0,0,0
340,Gladbach,Matchweek 33,Away,L,0,2,Bayern Munich,1.6,2.5,38,16,6,37.5,0,0,15.6,0,0,0
341,Gladbach,Matchweek 34,Home,L,0,1,Wolfsburg,1,1.7,59,16,3,18.8,0,0,19.1,0,0,0
342,Wolfsburg,Matchweek 1,Home,L,2,3,Bayern Munich,1.9,2.4,30,9,1,11.1,0.11,1,19.7,0,1,1
343,Wolfsburg,Matchweek 2,Away,W,2,0,Holstein Kiel,1.3,1.1,46,13,4,30.8,0.15,0.5,18.3,1,0,0
344,Wolfsburg,Matchweek 3,Home,L,1,2,Eint Frankfurt,1.5,2.5,60,18,4,22.2,0.06,0.25,17.9,0,0,0
345,Wolfsburg,Matchweek 4,Away,L,3,4,Leverkusen,0.7,1.9,22,9,4,44.4,0.22,0.5,22.1,0,0,0
346,Wolfsburg,Matchweek 5,Home,D,2,2,Stuttgart,1.1,1.8,31,5,2,40,0.4,1,14.3,0,0,0
347,Wolfsburg,Matchweek 6,Away,W,3,1,Bochum,2.4,1.7,42,16,4,25,0.19,0.75,18.2,0,0,1
348,Wolfsburg,Matchweek 7,Home,L,2,4,Werder Bremen,1.8,2,43,14,5,35.7,0.14,0.4,16.3,0,0,0
349,Wolfsburg,Matchweek 8,Away,D,0,0,St. Pauli,1.1,0.8,46,9,4,44.4,0,0,17.1,0,0,0
350,Wolfsburg,Matchweek 9,Home,D,1,1,Augsburg,1.2,0.5,69,18,5,27.8,0.06,0.2,17.7,1,0,0
351,Wolfsburg,Matchweek 10,Away,W,3,1,Heidenheim,1.5,2.4,35,13,6,46.2,0.23,0.5,14.1,1,0,0
352,Wolfsburg,Matchweek 11,Home,W,1,0,Union Berlin,0.6,0.5,55,10,5,50,0.1,0.2,18.9,1,0,0
353,Wolfsburg,Matchweek 12,Away,W,5,1,RB Leipzig,2.2,1,37,13,8,61.5,0.38,0.63,16.3,1,0,0
354,Wolfsburg,Matchweek 13,Home,W,4,3,Mainz 05,1.2,2.6,44,10,5,50,0.4,0.8,19.9,1,0,0
355,Wolfsburg,Matchweek 14,Away,L,2,3,Freiburg,1.8,2.1,47,20,5,25,0.1,0.4,18.5,0,0,0
356,Wolfsburg,Matchweek 15,Home,L,1,3,Dortmund,1.5,2.7,50,14,5,35.7,0.07,0.2,15.8,1,0,0
357,Wolfsburg,Matchweek 16,Away,W,1,0,Hoffenheim,0.7,0.9,45,12,3,25,0.08,0.33,17.2,0,0,0
358,Wolfsburg,Matchweek 17,Home,W,5,1,Gladbach,3.9,1.1,35,15,4,26.7,0.27,1,17.7,1,1,1
359,Wolfsburg,Matchweek 18,Away,L,2,3,Bayern Munich,0.5,3,29,7,3,42.9,0.29,0.67,17.3,0,0,0
360,Wolfsburg,Matchweek 19,Home,D,2,2,Holstein Kiel,2,0.2,69,22,5,22.7,0.09,0.4,14.7,0,0,0
361,Wolfsburg,Matchweek 20,Away,D,1,1,Eint Frankfurt,1.2,1.2,39,11,2,18.2,0,0,18.9,0,0,0
362,Wolfsburg,Matchweek 21,Home,D,0,0,Leverkusen,0.7,1.4,41,13,8,61.5,0,0,20.4,1,0,0
363,Wolfsburg,Matchweek 22,Away,W,2,1,Stuttgart,1.6,0.8,43,6,2,33.3,0.17,0.5,19.2,0,1,1
364,Wolfsburg,Matchweek 23,Home,D,1,1,Bochum,1.6,0.8,54,13,6,46.2,0.08,0.17,14.7,0,0,0
365,Wolfsburg,Matchweek 24,Away,W,2,1,Werder Bremen,0.9,1.9,44,9,3,33.3,0.22,0.67,17.3,0,0,0
366,Wolfsburg,Matchweek 25,Home,D,1,1,St. Pauli,2,1.5,57,15,3,20,0,0,15.6,0,1,1
367,Wolfsburg,Matchweek 26,Away,L,0,1,Augsburg,0.8,0.7,58,13,2,15.4,0,0,20.5,1,0,0
368,Wolfsburg,Matchweek 27,Home,L,0,1,Heidenheim,1.3,1.3,61,11,2,18.2,0,0,17.5,1,0,0
369,Wolfsburg,Matchweek 28,Away,L,0,1,Union Berlin,1.9,1.2,54,12,3,25,0,0,13.2,0,0,0
370,Wolfsburg,Matchweek 29,Home,L,2,3,RB Leipzig,1.6,1.3,47,17,6,35.3,0.12,0.33,12.6,0,0,0
371,Wolfsburg,Matchweek 30,Away,D,2,2,Mainz 05,1.6,2.7,48,16,4,25,0.13,0.5,17.4,1,0,0
372,Wolfsburg,Matchweek 31,Home,L,0,1,Freiburg,0.3,1.6,44,7,1,14.3,0,0,21.2,1,0,0
373,Wolfsburg,Matchweek 32,Away,L,0,4,Dortmund,0.7,2.4,46,11,2,18.2,0,0,15.7,0,0,0
374,Wolfsburg,Matchweek 33,Home,D,2,2,Hoffenheim,1,1.4,54,14,5,35.7,0.07,0.2,16.8,0,0,0
375,Wolfsburg,Matchweek 34,Away,W,1,0,Gladbach,1.7,1,41,17,6,35.3,0.06,0.17,20.2,0,0,0
376,Augsburg,Matchweek 1,Home,D,2,2,Werder Bremen,1,1.4,46,11,3,27.3,0.18,0.67,15.9,0,0,0
377,Augsburg,Matchweek 2,Away,L,0,4,Heidenheim,0.7,3.1,64,15,0,0,0,,19.6,2,0,0
378,Augsburg,Matchweek 3,Home,W,3,1,St. Pauli,2.7,0.5,44,18,8,44.4,0.17,0.38,15,0,0,0
379,Augsburg,Matchweek 4,Home,L,2,3,Mainz 05,2.4,1,73,29,7,24.1,0.07,0.29,15.5,0,0,0
380,Augsburg,Matchweek 5,Away,L,0,4,RB Leipzig,1.1,3,41,6,0,0,0,,17.2,0,0,1
381,Augsburg,Matchweek 6,Home,W,2,1,Gladbach,1.3,0.5,35,15,5,33.3,0.13,0.4,16,0,0,0
382,Augsburg,Matchweek 7,Away,L,1,3,Freiburg,0.6,0.8,43,9,3,33.3,0.11,0.33,20.7,0,0,0
383,Augsburg,Matchweek 8,Home,W,2,1,Dortmund,0.6,1,25,12,4,33.3,0.17,0.5,22.4,1,0,0
384,Augsburg,Matchweek 9,Away,D,1,1,Wolfsburg,0.5,1.2,31,3,1,33.3,0.33,1,17.8,0,0,0
385,Augsburg,Matchweek 10,Home,D,0,0,Hoffenheim,0.9,0.5,44,16,4,25,0,0,20.4,1,0,0
386,Augsburg,Matchweek 11,Away,L,0,3,Bayern Munich,0.1,3.7,20,2,1,50,0,0,10.2,0,0,0
387,Augsburg,Matchweek 12,Home,W,1,0,Bochum,1.9,0.3,52,15,3,20,0,0,17.3,0,1,1
388,Augsburg,Matchweek 13,Away,D,2,2,Eint Frankfurt,0.6,1.7,34,8,3,37.5,0.25,0.67,16.8,0,0,0
389,Augsburg,Matchweek 14,Home,L,0,2,Leverkusen,0.6,0.8,35,8,4,50,0,0,16.1,0,0,0
390,Augsburg,Matchweek 15,Away,L,1,5,Holstein Kiel,1.5,1.7,63,17,4,23.5,0.06,0.25,14.7,1,0,0
391,Augsburg,Matchweek 16,Home,L,0,1,Stuttgart,0.3,2.4,43,8,2,25,0,0,21,0,0,0
392,Augsburg,Matchweek 17,Away,W,2,0,Union Berlin,1.2,0.8,45,11,5,45.5,0.18,0.4,16,0,0,0
393,Augsburg,Matchweek 18,Away,W,2,0,Werder Bremen,1.2,1.3,29,9,4,44.4,0.22,0.5,16.2,0,0,0
394,Augsburg,Matchweek 19,Home,W,2,1,Heidenheim,1.1,1.2,60,11,7,63.6,0.18,0.29,14.7,0,0,0
395,Augsburg,Matchweek 20,Away,D,1,1,St. Pauli,0.3,0.8,55,2,1,50,0.5,1,11.1,0,0,0
396,Augsburg,Matchweek 21,Away,D,0,0,Mainz 05,0.3,1.3,34,9,2,22.2,0,0,21.8,0,0,0
397,Augsburg,Matchweek 22,Home,D,0,0,RB Leipzig,1,1.2,39,11,2,18.2,0,0,16.3,0,0,0
398,Augsburg,Matchweek 23,Away,W,3,0,Gladbach,1.5,1,51,17,4,23.5,0.18,0.75,19.9,2,0,0
399,Augsburg,Matchweek 24,Home,D,0,0,Freiburg,1.5,0.8,51,13,5,38.5,0,0,16.9,1,0,0
400,Augsburg,Matchweek 25,Away,W,1,0,Dortmund,0.2,1.2,29,6,1,16.7,0.17,1,12.2,0,0,0
401,Augsburg,Matchweek 26,Home,W,1,0,Wolfsburg,0.7,0.8,42,10,2,20,0.1,0.5,19.5,0,0,0
402,Augsburg,Matchweek 27,Away,D,1,1,Hoffenheim,0.6,1.4,44,11,4,36.4,0.09,0.25,24.6,0,0,0
403,Augsburg,Matchweek 28,Home,L,1,3,Bayern Munich,0.4,2.4,31,6,3,50,0.17,0.33,15.5,0,0,0
404,Augsburg,Matchweek 29,Away,W,2,1,Bochum,1.1,2.8,47,12,4,33.3,0.17,0.5,19.6,2,0,0
405,Augsburg,Matchweek 30,Home,D,0,0,Eint Frankfurt,0.9,1.1,46,13,2,15.4,0,0,18.1,0,0,0
406,Augsburg,Matchweek 31,Away,L,0,2,Leverkusen,0.7,0.9,47,11,2,18.2,0,0,18.9,0,0,0
407,Augsburg,Matchweek 32,Home,L,1,3,Holstein Kiel,3.2,1.7,72,27,10,37,0.04,0.1,15.9,0,0,0
408,Augsburg,Matchweek 33,Away,L,0,4,Stuttgart,0.5,3.9,30,7,0,0,0,,16.3,0,0,0
409,Augsburg,Matchweek 34,Home,L,1,2,Union Berlin,1.7,0.8,62,19,4,21.1,0.05,0.25,15.9,0,0,0
410,Union Berlin,Matchweek 1,Away,D,1,1,Mainz 05,0.6,1.2,47,15,5,33.3,0.07,0.2,19.8,0,0,0
411,Union Berlin,Matchweek 2,Home,W,1,0,St. Pauli,1.1,0.5,39,11,5,45.5,0.09,0.2,21.5,0,0,0
412,Union Berlin,Matchweek 3,Away,D,0,0,RB Leipzig,0.6,1.3,33,10,3,30,0,0,12.9,0,0,0
413,Union Berlin,Matchweek 4,Home,W,2,1,Hoffenheim,1.2,0.4,51,12,2,16.7,0.17,1,18.3,2,0,0
414,Union Berlin,Matchweek 5,Away,L,0,1,Gladbach,0.7,0.9,38,9,2,22.2,0,0,19.9,0,0,0
415,Union Berlin,Matchweek 6,Home,W,2,1,Dortmund,1.5,0.7,33,13,4,30.8,0.08,0.25,19.1,0,1,1
416,Union Berlin,Matchweek 7,Away,W,2,0,Holstein Kiel,1.1,1.3,52,14,4,28.6,0.14,0.5,14.8,0,0,0
417,Union Berlin,Matchweek 8,Home,D,1,1,Eint Frankfurt,1.4,1.5,48,13,4,30.8,0.08,0.25,14.8,0,0,0
418,Union Berlin,Matchweek 9,Away,L,0,3,Bayern Munich,0.5,2.5,23,8,1,12.5,0,0,12.7,0,0,0
419,Union Berlin,Matchweek 10,Home,D,0,0,Freiburg,0.7,1.7,41,12,6,50,0,0,20.2,0,0,0
420,Union Berlin,Matchweek 11,Away,L,0,1,Wolfsburg,0.5,0.6,45,11,4,36.4,0,0,17.3,1,0,0
421,Union Berlin,Matchweek 12,Home,L,1,2,Leverkusen,0.7,0.9,38,8,2,25,0.13,0.5,15.1,0,0,0
422,Union Berlin,Matchweek 13,Away,L,2,3,Stuttgart,1.4,2.1,36,14,3,21.4,0.14,0.67,15.3,0,0,0
423,Union Berlin,Matchweek 14,Home,L,0,2,Bochum,2.5,1,69,22,4,18.2,0.05,0.25,14.5,0,0,0
424,Union Berlin,Matchweek 15,Away,L,1,4,Werder Bremen,1.3,2.3,46,16,4,25,0.06,0.25,17.5,0,0,0
425,Union Berlin,Matchweek 16,Away,L,0,2,Heidenheim,1.1,1.4,42,10,6,60,0,0,16.4,0,0,0
426,Union Berlin,Matchweek 17,Home,L,0,2,Augsburg,0.8,1.2,55,13,2,15.4,0,0,17.1,0,0,0
427,Union Berlin,Matchweek 18,Home,W,2,1,Mainz 05,2.1,1.7,34,11,3,27.3,0.09,0.33,18.9,1,1,1
428,Union Berlin,Matchweek 19,Away,L,0,3,St. Pauli,1.1,1.2,56,14,2,14.3,0,0,15.2,1,0,0
429,Union Berlin,Matchweek 20,Home,D,0,0,RB Leipzig,1.3,0.3,47,21,5,23.8,0,0,21,0,0,0
430,Union Berlin,Matchweek 21,Away,W,4,0,Hoffenheim,2.8,1.1,36,22,7,31.8,0.18,0.57,15.3,0,0,0
431,Union Berlin,Matchweek 22,Home,L,1,2,Gladbach,2,2.1,52,17,2,11.8,0,0,15.6,0,1,1
432,Union Berlin,Matchweek 23,Away,L,0,6,Dortmund,0.3,4.8,36,6,1,16.7,0,0,10.7,0,0,0
433,Union Berlin,Matchweek 24,Home,L,0,1,Holstein Kiel,1.2,1,52,14,3,21.4,0,0,10.1,0,0,0
434,Union Berlin,Matchweek 25,Away,W,2,1,Eint Frankfurt,0.9,1.8,34,11,3,27.3,0.18,0.67,13.9,0,0,0
435,Union Berlin,Matchweek 26,Home,D,1,1,Bayern Munich,0.7,1.6,20,7,3,42.9,0.14,0.33,17.6,0,0,0
436,Union Berlin,Matchweek 27,Away,W,2,1,Freiburg,1,1.4,28,10,6,60,0.2,0.33,16.7,1,0,0
437,Union Berlin,Matchweek 28,Home,W,1,0,Wolfsburg,1.2,1.9,46,13,3,23.1,0.08,0.33,19.2,1,0,0
438,Union Berlin,Matchweek 29,Away,D,0,0,Leverkusen,0.5,0.8,26,7,3,42.9,0,0,16.9,0,0,0
439,Union Berlin,Matchweek 30,Home,D,4,4,Stuttgart,1.3,0.9,23,12,5,41.7,0.33,0.8,16.2,0,0,0
440,Union Berlin,Matchweek 31,Away,D,1,1,Bochum,0.3,1.5,34,5,1,20,0.2,1,15.7,0,0,0
441,Union Berlin,Matchweek 32,Home,D,2,2,Werder Bremen,1.5,1.6,41,18,8,44.4,0.11,0.25,17.5,0,0,0
442,Union Berlin,Matchweek 33,Home,L,0,3,Heidenheim,0.5,1.1,49,10,1,10,0,0,17.6,0,0,0
443,Union Berlin,Matchweek 34,Away,W,2,1,Augsburg,0.8,1.7,38,5,3,60,0.4,0.67,16.9,0,0,0
444,St. Pauli,Matchweek 1,Home,L,0,2,Heidenheim,1.2,1.1,60,11,3,27.3,0,0,18.5,1,0,0
445,St. Pauli,Matchweek 2,Away,L,0,1,Union Berlin,0.5,1.1,61,8,1,12.5,0,0,16,0,0,0
446,St. Pauli,Matchweek 3,Away,L,1,3,Augsburg,0.5,2.7,56,11,3,27.3,0.09,0.33,19.9,0,0,0
447,St. Pauli,Matchweek 4,Home,D,0,0,RB Leipzig,1.4,0.7,31,17,4,23.5,0,0,14,0,0,0
448,St. Pauli,Matchweek 5,Away,W,3,0,Freiburg,1.1,1.2,27,10,4,40,0.3,0.75,17.6,2,0,0
449,St. Pauli,Matchweek 6,Home,L,0,3,Mainz 05,1,1.1,56,19,4,21.1,0,0,16.5,0,0,0
450,St. Pauli,Matchweek 7,Away,L,1,2,Dortmund,0.6,2.6,26,10,3,30,0.1,0.33,19.7,0,0,0
451,St. Pauli,Matchweek 8,Home,D,0,0,Wolfsburg,0.8,1.1,54,14,5,35.7,0,0,18.7,1,0,0
452,St. Pauli,Matchweek 9,Away,W,2,0,Hoffenheim,0.9,0.7,33,7,3,42.9,0.29,0.67,15.7,0,0,0
453,St. Pauli,Matchweek 10,Home,L,0,1,Bayern Munich,0.1,0.8,25,3,0,0,0,,21.8,0,0,0
454,St. Pauli,Matchweek 11,Away,L,0,2,Gladbach,1.1,2.3,52,15,3,20,0,0,16.2,0,0,0
455,St. Pauli,Matchweek 12,Home,W,3,1,Holstein Kiel,1.3,1.2,49,11,3,27.3,0.27,1,14.4,0,0,0
456,St. Pauli,Matchweek 13,Away,L,1,2,Leverkusen,1.8,0.9,38,12,4,33.3,0.08,0.25,15.3,0,0,0
457,St. Pauli,Matchweek 14,Home,L,0,2,Werder Bremen,0.6,1,56,15,4,26.7,0,0,23.9,1,0,0
458,St. Pauli,Matchweek 15,Away,W,1,0,Stuttgart,2.2,2.1,28,10,4,40,0.1,0.25,19.5,0,0,1
459,St. Pauli,Matchweek 16,Home,L,0,1,Eint Frankfurt,2.2,1.5,43,18,4,22.2,0,0,16.8,0,0,0
460,St. Pauli,Matchweek 17,Away,L,0,1,Bochum,0.7,1.4,49,12,1,8.3,0,0,18.3,1,0,0
461,St. Pauli,Matchweek 18,Away,W,2,0,Heidenheim,1.9,0.7,40,6,3,50,0.17,0.33,17.7,0,1,1
462,St. Pauli,Matchweek 19,Home,W,3,0,Union Berlin,1.2,1.1,44,16,5,31.3,0.19,0.6,14.9,0,0,0
463,St. Pauli,Matchweek 20,Home,D,1,1,Augsburg,0.8,0.3,45,6,1,16.7,0,0,13,0,0,0
464,St. Pauli,Matchweek 21,Away,L,0,2,RB Leipzig,0.6,1.5,44,7,3,42.9,0,0,15.7,1,0,0
465,St. Pauli,Matchweek 22,Home,L,0,1,Freiburg,0.2,1.3,54,5,1,20,0,0,20.9,0,0,0
466,St. Pauli,Matchweek 23,Away,L,0,2,Mainz 05,0.8,1.2,47,12,0,0,0,,17,1,0,0
467,St. Pauli,Matchweek 24,Home,L,0,2,Dortmund,0.4,1.5,43,7,1,14.3,0,0,18.1,0,0,0
468,St. Pauli,Matchweek 25,Away,D,1,1,Wolfsburg,1.5,2,43,14,4,28.6,0.07,0.25,16.2,0,0,0
469,St. Pauli,Matchweek 26,Home,W,1,0,Hoffenheim,2,0.2,44,10,5,50,0.1,0.2,14,1,0,0
470,St. Pauli,Matchweek 27,Away,L,2,3,Bayern Munich,1,3.5,35,10,4,40,0.2,0.5,19.2,1,0,0
471,St. Pauli,Matchweek 28,Home,D,1,1,Gladbach,1.9,0.6,63,26,9,34.6,0.04,0.11,19.8,1,0,0
472,St. Pauli,Matchweek 29,Away,W,2,1,Holstein Kiel,1.2,0.5,49,14,6,42.9,0.07,0.17,15.8,0,0,0
473,St. Pauli,Matchweek 30,Home,D,1,1,Leverkusen,1.1,0.8,43,10,5,50,0.1,0.2,16.8,3,0,0
474,St. Pauli,Matchweek 31,Away,D,0,0,Werder Bremen,0.6,1.1,49,10,4,40,0,0,16.9,0,0,0
475,St. Pauli,Matchweek 32,Home,L,0,1,Stuttgart,0.4,2.7,30,6,1,16.7,0,0,20.3,0,0,0
476,St. Pauli,Matchweek 33,Away,D,2,2,Eint Frankfurt,0.8,1.7,28,5,2,40,0.4,1,14.8,0,0,0
477,St. Pauli,Matchweek 34,Home,L,0,2,Bochum,0.8,1.3,57,10,2,20,0,0,18.6,0,0,0
478,Hoffenheim,Matchweek 1,Home,W,3,2,Holstein Kiel,3.5,1.7,54,20,7,35,0.1,0.29,17,0,1,1
479,Hoffenheim,Matchweek 2,Away,L,1,3,Eint Frankfurt,1,2.4,50,11,3,27.3,0.09,0.33,21.8,0,0,0
480,Hoffenheim,Matchweek 3,Home,L,1,4,Leverkusen,0.9,3.5,40,15,5,33.3,0.07,0.2,18.4,1,0,0
481,Hoffenheim,Matchweek 4,Away,L,1,2,Union Berlin,0.4,1.2,49,7,3,42.9,0.14,0.33,20.5,1,0,0
482,Hoffenheim,Matchweek 5,Home,L,3,4,Werder Bremen,1.2,2.9,37,10,4,40,0.3,0.75,17.2,2,0,0
483,Hoffenheim,Matchweek 6,Away,D,1,1,Stuttgart,0.9,1.9,33,7,4,57.1,0.14,0.25,15.5,0,0,0
484,Hoffenheim,Matchweek 7,Home,W,3,1,Bochum,2.5,2.7,50,12,7,58.3,0.25,0.43,15.9,0,0,0
485,Hoffenheim,Matchweek 8,Away,D,0,0,Heidenheim,0.7,1.5,53,12,4,33.3,0,0,21.9,0,0,0
486,Hoffenheim,Matchweek 9,Home,L,0,2,St. Pauli,0.7,0.9,67,12,6,50,0,0,17.7,0,0,0
487,Hoffenheim,Matchweek 10,Away,D,0,0,Augsburg,0.5,0.9,56,11,2,18.2,0,0,20.5,0,0,0
488,Hoffenheim,Matchweek 11,Home,W,4,3,RB Leipzig,2,1.6,59,20,7,35,0.2,0.57,15.3,1,0,0
489,Hoffenheim,Matchweek 12,Away,L,0,2,Mainz 05,0.4,2.2,48,10,2,20,0,0,21.1,0,0,0
490,Hoffenheim,Matchweek 13,Home,D,1,1,Freiburg,1.4,1,50,15,5,33.3,0.07,0.2,17.2,0,0,0
491,Hoffenheim,Matchweek 14,Away,D,1,1,Dortmund,1,0.5,46,12,1,8.3,0.08,1,13.4,0,0,0
492,Hoffenheim,Matchweek 15,Home,L,1,2,Gladbach,3.5,0.7,65,17,7,41.2,0,0,14.7,0,1,1
493,Hoffenheim,Matchweek 16,Home,L,0,1,Wolfsburg,0.9,0.7,55,15,2,13.3,0,0,17.4,0,0,0
494,Hoffenheim,Matchweek 17,Away,L,0,5,Bayern Munich,0.2,3.4,35,5,2,40,0,0,28,0,0,0
495,Hoffenheim,Matchweek 18,Away,W,3,1,Holstein Kiel,0.8,1,47,11,6,54.5,0.27,0.5,13.7,0,0,0
496,Hoffenheim,Matchweek 19,Home,D,2,2,Eint Frankfurt,2.4,2.4,51,24,8,33.3,0.08,0.25,18,0,0,0
497,Hoffenheim,Matchweek 20,Away,L,1,3,Leverkusen,1.9,1.4,52,16,7,43.8,0.06,0.14,14.7,1,0,0
498,Hoffenheim,Matchweek 21,Home,L,0,4,Union Berlin,1.1,2.8,64,16,4,25,0,0,19.6,1,0,0
499,Hoffenheim,Matchweek 22,Away,W,3,1,Werder Bremen,1.4,1.1,37,15,6,40,0.2,0.5,15.8,0,0,0
500,Hoffenheim,Matchweek 23,Home,D,1,1,Stuttgart,1,2.1,45,9,2,22.2,0.11,0.5,17.7,0,0,0
501,Hoffenheim,Matchweek 24,Away,W,1,0,Bochum,0.6,0.9,42,10,2,20,0.1,0.5,19.7,0,0,0
502,Hoffenheim,Matchweek 25,Home,D,1,1,Heidenheim,1.3,1.2,55,16,3,18.8,0.06,0.33,20,0,0,0
503,Hoffenheim,Matchweek 26,Away,L,0,1,St. Pauli,0.2,2,56,4,0,0,0,,18.6,0,0,0
504,Hoffenheim,Matchweek 27,Home,D,1,1,Augsburg,1.4,0.6,56,12,3,25,0,0,19.7,1,1,1
505,Hoffenheim,Matchweek 28,Away,L,1,3,RB Leipzig,0.9,1.6,34,9,5,55.6,0.11,0.2,16.9,0,0,0
506,Hoffenheim,Matchweek 29,Home,W,2,0,Mainz 05,1.7,1.2,36,8,5,62.5,0.25,0.4,14.4,0,0,0
507,Hoffenheim,Matchweek 30,Away,L,2,3,Freiburg,1.5,1.3,60,19,6,31.6,0.11,0.33,18.4,1,0,0
508,Hoffenheim,Matchweek 31,Home,L,2,3,Dortmund,1.1,2.6,39,11,3,27.3,0.18,0.67,15.7,1,0,0
509,Hoffenheim,Matchweek 32,Away,D,4,4,Gladbach,1.8,1.4,56,26,8,30.8,0.15,0.5,18.4,0,0,0
510,Hoffenheim,Matchweek 33,Away,D,2,2,Wolfsburg,1.4,1,46,17,7,41.2,0.12,0.29,17.1,1,0,0
511,Hoffenheim,Matchweek 34,Home,L,0,4,Bayern Munich,0.4,1.4,34,6,2,33.3,0,0,17.9,0,0,0
512,Heidenheim,Matchweek 1,Away,W,2,0,St. Pauli,1.1,1.2,40,5,3,60,0.4,0.67,17,1,0,0
513,Heidenheim,Matchweek 2,Home,W,4,0,Augsburg,3.1,0.7,36,14,7,50,0.21,0.43,17.2,0,1,1
514,Heidenheim,Matchweek 3,Away,L,2,4,Dortmund,1.8,2.6,40,10,3,30,0.1,0.33,18.2,0,1,1
515,Heidenheim,Matchweek 4,Home,L,0,3,Freiburg,0.7,1.4,42,7,1,14.3,0,0,16.7,0,0,0
516,Heidenheim,Matchweek 5,Away,W,2,0,Mainz 05,1.2,0.6,50,14,6,42.9,0.14,0.33,14.5,0,0,0
517,Heidenheim,Matchweek 6,Home,L,0,1,RB Leipzig,1,1.4,45,14,4,28.6,0,0,18.8,0,0,0
518,Heidenheim,Matchweek 7,Away,L,2,3,Gladbach,2,3.6,34,18,5,27.8,0.06,0.2,15.9,1,1,1
519,Heidenheim,Matchweek 8,Home,D,0,0,Hoffenheim,1.5,0.7,47,17,3,17.6,0,0,18.4,2,0,0
520,Heidenheim,Matchweek 9,Away,L,0,1,Holstein Kiel,1.2,1.1,55,17,4,23.5,0,0,15,0,0,0
521,Heidenheim,Matchweek 10,Home,L,1,3,Wolfsburg,2.4,1.5,65,19,4,21.1,0.05,0.25,14.6,1,0,0
522,Heidenheim,Matchweek 11,Away,L,2,5,Leverkusen,1.1,2.2,22,6,3,50,0.33,0.67,16.7,0,0,0
523,Heidenheim,Matchweek 12,Home,L,0,4,Eint Frankfurt,0.7,2.6,46,8,1,12.5,0,0,17,0,0,0
524,Heidenheim,Matchweek 13,Away,L,2,4,Bayern Munich,1.3,2.4,18,2,2,100,1,1,9.5,0,0,0
525,Heidenheim,Matchweek 14,Home,L,1,3,Stuttgart,1,2.3,34,9,2,22.2,0.11,0.5,18,0,0,0
526,Heidenheim,Matchweek 15,Away,L,0,2,Bochum,0.6,1.6,48,10,2,20,0,0,19.5,1,0,0
527,Heidenheim,Matchweek 16,Home,W,2,0,Union Berlin,1.4,1.1,58,16,8,50,0.13,0.25,15.9,2,0,0
528,Heidenheim,Matchweek 17,Away,D,3,3,Werder Bremen,1.4,1.5,48,14,5,35.7,0.21,0.6,17.6,1,0,0
529,Heidenheim,Matchweek 18,Home,L,0,2,St. Pauli,0.7,1.9,60,8,1,12.5,0,0,14.1,0,0,0
530,Heidenheim,Matchweek 19,Away,L,1,2,Augsburg,1.2,1.1,40,11,6,54.5,0.09,0.17,19.2,0,0,0
531,Heidenheim,Matchweek 20,Home,L,1,2,Dortmund,0.6,2.2,37,11,5,45.5,0.09,0.2,20,0,0,0
532,Heidenheim,Matchweek 21,Away,L,0,1,Freiburg,0.5,1,47,11,5,45.5,0,0,20.1,0,0,0
533,Heidenheim,Matchweek 22,Home,L,0,2,Mainz 05,0.6,2,56,12,3,25,0,0,20.2,0,0,0
534,Heidenheim,Matchweek 23,Away,D,2,2,RB Leipzig,0.8,1.9,26,3,1,33.3,0.33,1,28.5,0,1,1
535,Heidenheim,Matchweek 24,Home,L,0,3,Gladbach,1.6,1.8,45,20,4,20,0,0,18.3,1,0,0
536,Heidenheim,Matchweek 25,Away,D,1,1,Hoffenheim,1.2,1.3,45,23,5,21.7,0.04,0.2,16,0,0,0
537,Heidenheim,Matchweek 26,Home,W,3,1,Holstein Kiel,1.5,1.5,39,14,5,35.7,0.21,0.6,16.3,0,0,0
538,Heidenheim,Matchweek 27,Away,W,1,0,Wolfsburg,1.3,1.3,39,10,3,30,0,0,17,0,1,1
539,Heidenheim,Matchweek 28,Home,L,0,1,Leverkusen,1,0.4,49,10,2,20,0,0,13.8,0,0,0
540,Heidenheim,Matchweek 29,Away,L,0,3,Eint Frankfurt,1.7,3.7,56,14,3,21.4,0,0,19.4,0,0,0
541,Heidenheim,Matchweek 30,Home,L,0,4,Bayern Munich,0.6,3.2,32,4,1,25,0,0,13.4,0,0,0
542,Heidenheim,Matchweek 31,Away,W,1,0,Stuttgart,0.3,1.8,31,6,2,33.3,0.17,0.5,21.4,0,0,0
543,Heidenheim,Matchweek 32,Home,D,0,0,Bochum,0.7,1.3,46,12,3,25,0,0,20.4,0,0,0
544,Heidenheim,Matchweek 33,Away,W,3,0,Union Berlin,1.1,0.5,51,8,4,50,0.38,0.75,15,0,0,0
545,Heidenheim,Matchweek 34,Home,L,1,4,Werder Bremen,1.6,2.2,51,21,8,38.1,0.05,0.13,17.3,2,0,0
546,Holstein Kiel,Matchweek 1,Away,L,2,3,Hoffenheim,1.7,3.5,46,17,6,35.3,0.12,0.33,16.9,0,0,0
547,Holstein Kiel,Matchweek 2,Home,L,0,2,Wolfsburg,1.1,1.3,54,13,5,38.5,0,0,19.2,1,0,0
548,Holstein Kiel,Matchweek 3,Home,L,1,6,Bayern Munich,0.3,3.2,30,5,1,20,0.2,1,16.9,0,0,0
549,Holstein Kiel,Matchweek 4,Away,D,2,2,Bochum,1.9,0.8,56,14,4,28.6,0.14,0.5,16.5,1,0,0
550,Holstein Kiel,Matchweek 5,Home,L,2,4,Eint Frankfurt,1.1,2.1,47,9,4,44.4,0.11,0.25,23.4,1,1,1
551,Holstein Kiel,Matchweek 6,Away,D,2,2,Leverkusen,1.6,2.1,26,7,3,42.9,0.14,0.33,13.6,0,1,1
552,Holstein Kiel,Matchweek 7,Home,L,0,2,Union Berlin,1.3,1.1,48,12,4,33.3,0,0,14.7,0,0,0
553,Holstein Kiel,Matchweek 8,Away,L,1,2,Stuttgart,0.5,1.6,42,9,3,33.3,0.11,0.33,18,0,0,0
554,Holstein Kiel,Matchweek 9,Home,W,1,0,Heidenheim,1.1,1.2,45,11,6,54.5,0.09,0.17,17.2,0,0,0
555,Holstein Kiel,Matchweek 10,Away,L,1,2,Werder Bremen,0.7,1.7,40,12,5,41.7,0.08,0.2,17,0,0,0
556,Holstein Kiel,Matchweek 11,Home,L,0,3,Mainz 05,0.4,2.2,38,7,2,28.6,0,0,16.8,0,0,0
557,Holstein Kiel,Matchweek 12,Away,L,1,3,St. Pauli,1.2,1.3,51,9,2,22.2,0.11,0.5,20.3,0,0,1
558,Holstein Kiel,Matchweek 13,Home,L,0,2,RB Leipzig,1.2,1.6,56,17,5,29.4,0,0,16,0,0,0
559,Holstein Kiel,Matchweek 14,Away,L,1,4,Gladbach,0.6,2.4,44,12,3,25,0.08,0.33,23.3,0,0,0
560,Holstein Kiel,Matchweek 15,Home,W,5,1,Augsburg,1.7,1.5,37,8,6,75,0.63,0.83,12.4,1,0,0
561,Holstein Kiel,Matchweek 16,Away,L,2,3,Freiburg,1.8,0.7,49,14,7,50,0.14,0.29,15.7,0,0,0
562,Holstein Kiel,Matchweek 17,Home,W,4,2,Dortmund,1.6,1,25,11,7,63.6,0.36,0.57,19.3,0,0,0
563,Holstein Kiel,Matchweek 18,Home,L,1,3,Hoffenheim,1,0.8,53,12,3,25,0.08,0.33,16.3,1,0,0
564,Holstein Kiel,Matchweek 19,Away,D,2,2,Wolfsburg,0.2,2,31,5,2,40,0.4,1,12.4,0,0,0
565,Holstein Kiel,Matchweek 20,Away,L,3,4,Bayern Munich,1.8,3.4,29,10,5,50,0.3,0.6,15.3,0,0,0
566,Holstein Kiel,Matchweek 21,Home,D,2,2,Bochum,1.9,2.3,48,9,2,22.2,0.11,0.5,16.5,1,1,1
567,Holstein Kiel,Matchweek 22,Away,L,1,3,Eint Frankfurt,1.4,2.5,49,10,4,40,0.1,0.25,18,1,0,0
568,Holstein Kiel,Matchweek 23,Home,L,0,2,Leverkusen,0.3,1.8,38,4,3,75,0,0,25,0,0,0
569,Holstein Kiel,Matchweek 24,Away,W,1,0,Union Berlin,1,1.2,48,10,3,30,0.1,0.33,15.6,0,0,0
570,Holstein Kiel,Matchweek 25,Home,D,2,2,Stuttgart,1.4,0.8,52,17,5,29.4,0.12,0.4,19.5,1,0,0
571,Holstein Kiel,Matchweek 26,Away,L,1,3,Heidenheim,1.5,1.5,61,16,4,25,0.06,0.25,19.4,1,0,0
572,Holstein Kiel,Matchweek 27,Home,L,0,3,Werder Bremen,0.5,1.8,55,11,0,0,0,,20.3,1,0,0
573,Holstein Kiel,Matchweek 28,Away,D,1,1,Mainz 05,0.9,1.8,42,10,5,50,0.1,0.2,13.4,0,0,0
574,Holstein Kiel,Matchweek 29,Home,L,1,2,St. Pauli,0.5,1.2,51,6,2,33.3,0.17,0.5,19.9,0,0,0
575,Holstein Kiel,Matchweek 30,Away,D,1,1,RB Leipzig,0.8,1.9,39,14,3,21.4,0.07,0.33,17.5,0,0,0
576,Holstein Kiel,Matchweek 31,Home,W,4,3,Gladbach,3.5,1.6,38,22,11,50,0.18,0.36,17.1,0,0,0
577,Holstein Kiel,Matchweek 32,Away,W,3,1,Augsburg,1.7,3.2,28,6,3,50,0.33,0.67,17.3,0,1,1
578,Holstein Kiel,Matchweek 33,Home,L,1,2,Freiburg,1,1.4,60,15,3,20,0.07,0.33,25.6,2,0,0
579,Holstein Kiel,Matchweek 34,Away,L,0,3,Dortmund,0.8,2.4,27,4,2,50,0,0,11.3,0,0,0
580,Bochum,Matchweek 1,Away,L,0,1,RB Leipzig,1,1.3,38,10,3,30,0,0,19.3,1,0,0
581,Bochum,Matchweek 2,Home,L,0,2,Gladbach,0.7,2.9,39,15,4,26.7,0,0,21.3,0,0,0
582,Bochum,Matchweek 3,Away,L,1,2,Freiburg,0.9,3.7,46,13,3,23.1,0.08,0.33,19.8,0,0,0
583,Bochum,Matchweek 4,Home,D,2,2,Holstein Kiel,0.8,1.9,44,14,3,21.4,0.14,0.67,17,0,0,0
584,Bochum,Matchweek 5,Away,L,2,4,Dortmund,1.3,3.2,34,10,5,50,0.2,0.4,20,0,0,0
585,Bochum,Matchweek 6,Home,L,1,3,Wolfsburg,1.7,2.4,58,18,5,27.8,0.06,0.2,18.9,1,0,0
586,Bochum,Matchweek 7,Away,L,1,3,Hoffenheim,2.7,2.5,50,12,3,25,0.08,0.33,19.8,1,0,1
587,Bochum,Matchweek 8,Home,L,0,5,Bayern Munich,0.6,2.2,28,6,1,16.7,0,0,24.2,1,0,0
588,Bochum,Matchweek 9,Away,L,2,7,Eint Frankfurt,1.8,3.5,36,11,8,72.7,0.18,0.25,17.5,0,0,0
589,Bochum,Matchweek 10,Home,D,1,1,Leverkusen,0.7,1.2,30,15,3,20,0.07,0.33,20.1,0,0,0
590,Bochum,Matchweek 11,Away,L,0,2,Stuttgart,0.7,1.7,42,9,2,22.2,0,0,19.4,0,0,0
591,Bochum,Matchweek 12,Away,L,0,1,Augsburg,0.3,1.9,48,7,1,14.3,0,0,22,0,0,0
592,Bochum,Matchweek 13,Home,L,0,1,Werder Bremen,1.2,0.8,52,12,2,16.7,0,0,21.3,0,0,0
593,Bochum,Matchweek 14,Away,W,2,0,Union Berlin,1,2.5,31,13,3,23.1,0.08,0.33,15.1,0,0,0
594,Bochum,Matchweek 15,Home,W,2,0,Heidenheim,1.6,0.6,52,14,4,28.6,0.14,0.5,16.9,3,0,0
595,Bochum,Matchweek 16,Away,L,0,2,Mainz 05,0.6,1.9,42,11,2,18.2,0,0,14.8,0,0,0
596,Bochum,Matchweek 17,Home,W,1,0,St. Pauli,1.4,0.7,51,13,5,38.5,0.08,0.2,15.2,0,0,0
597,Bochum,Matchweek 18,Home,D,3,3,RB Leipzig,2.7,2.2,45,13,2,15.4,0.15,1,19.3,0,1,1
598,Bochum,Matchweek 19,Away,L,0,3,Gladbach,0.5,2.3,43,10,4,40,0,0,14.6,0,0,0
599,Bochum,Matchweek 20,Home,L,0,1,Freiburg,1,1.7,58,22,4,18.2,0,0,20,0,0,0
600,Bochum,Matchweek 21,Away,D,2,2,Holstein Kiel,2.3,1.9,52,20,4,20,0.1,0.5,13.1,0,0,0
601,Bochum,Matchweek 22,Home,W,2,0,Dortmund,2.7,2.6,31,18,9,50,0.11,0.22,15.2,0,0,0
602,Bochum,Matchweek 23,Away,D,1,1,Wolfsburg,0.8,1.6,46,11,5,45.5,0.09,0.2,15,0,0,0
603,Bochum,Matchweek 24,Home,L,0,1,Hoffenheim,0.9,0.6,58,12,3,25,0,0,15.4,1,0,0
604,Bochum,Matchweek 25,Away,W,3,2,Bayern Munich,1.1,2.4,27,8,5,62.5,0.38,0.6,12.4,0,0,0
605,Bochum,Matchweek 26,Home,L,1,3,Eint Frankfurt,1.4,2.5,51,17,7,41.2,0.06,0.14,13.7,0,0,0
606,Bochum,Matchweek 27,Away,L,1,3,Leverkusen,0.5,2,34,8,3,37.5,0.13,0.33,22.5,0,0,0
607,Bochum,Matchweek 28,Home,L,0,4,Stuttgart,0.8,2.8,54,11,2,18.2,0,0,16.7,0,0,0
608,Bochum,Matchweek 29,Home,L,1,2,Augsburg,2.8,1.1,53,25,9,36,0.04,0.11,16.1,1,0,0
609,Bochum,Matchweek 30,Away,L,0,1,Werder Bremen,0.7,1.8,52,12,1,8.3,0,0,19.5,2,0,0
610,Bochum,Matchweek 31,Home,D,1,1,Union Berlin,1.5,0.3,66,9,3,33.3,0.11,0.33,20.1,0,0,1
611,Bochum,Matchweek 32,Away,D,0,0,Heidenheim,1.3,0.7,54,14,3,21.4,0,0,16.3,0,0,0
612,Bochum,Matchweek 33,Home,L,1,4,Mainz 05,0.9,1.5,44,11,6,54.5,0.09,0.17,20,0,0,0
613,Bochum,Matchweek 34,Away,W,2,0,St. Pauli,1.3,0.8,43,9,6,66.7,0.22,0.33,17.5,0,0,0